<securityConfig xmlns="http://www.globus.org">
  <auth-method>
  <GSITransport/>
  <GSISecureMessage/>
  <GSISecureConversation/>
  </auth-method>
<method name="queryResourceProperties">
 <auth-method><none/></auth-method>
</method>
<method name="getResourceProperty">
 <auth-method><none/></auth-method>
</method>
<method name="getResourceProperties">
 <auth-method><none/></auth-method>
</method>
<method name="getMultipleResourceProperties">
 <auth-method><none/></auth-method>
</method>
<authz value="gridmap"/> 
</securityConfig>			
